source,title
guardian,Sam Gyimah resigns over Theresa May's Brexit deal
guardian,SNP and Lib Dems back Benn amendment to prevent no-deal Brexit
guardian,The Guardian view on Donald Trump’s credibility: America’s compromised leader | Editorial
guardian,"In this high-stakes game of Brexit, how much of a gambler are you? | Jonathan Freedland"
guardian,Brexit: McDonnell says remain would be on ballot in a second referendum - Politics live
guardian,"Labour should back May's Brexit deal, say MP Ian Austin"
guardian,"No-deal Brexit would 'devastate' UK gaming industry, says report"
guardian,To the Labour MPs who want to reject May’s Brexit deal – are you sure? | Ian Austin
guardian,Fully trousered in the typing pool | Brief letters
guardian,EU dismisses May's claim deal might be renegotiated as PM sells Brexit at G20 - Politics live
guardian,This means war: why cheesy churros will destroy UK-Spain relations
guardian,Julian Smith: can 'the chief' help steer May's Brexit through Commons?
guardian,Owen Jones meets Keir Starmer: 'Brexit fatigue is real – but we can't let this deal pass' – video
guardian,Northern Irish firms face 60-lorry limit in Republic in no-deal Brexit
guardian,Calming cuppa lifts fortunes for Fortnum & Mason
guardian,A tick box for terrorists and May says bullocks to Brexit | John Crace
guardian,Liam Fox hits back at critics of Brexit deal as May rules out plan B - Politics live
guardian,Brexit TV debate: Theresa May says she will only face Corbyn
guardian,Liam Fox backs Theresa May's Brexit deal ahead of key Commons vote
guardian,Witless ministers have hammered councils like austerity punchbags | Richard Vize
guardian,It’s a matter of time before a migrant’s body washes up on British shores | Benny Hunter
guardian,UK house price growth moves off five-year low - business live
guardian,UK 'will remain aligned' with Northern Irish regulations after backstop
guardian,"Brace yourself, Britain. Brexit is about to teach you what a crisis actually is"
guardian,"Brace yourself, Britain. Brexit is about to teach you what a crisis actually is | David Bennun"
guardian,"If a house price crash sounds like good news, you should think again | Gaby Hinsliff"
guardian,Theresa May rules out Norway-style Brexit compromise with Labour
guardian,The Guardian view on loneliness: hard to fix in an age of austerity | Editorial
guardian,May to promote Brexit trade opportunities at fraught G20 summit
guardian,Second referendum campaigners split over parliamentary tactics
guardian,Carlos Ghosn ousted as Mitsubishi chairman; Draghi warns eurozone is slowing - as it happened
guardian,The Guardian view on Theresa May’s Brexit campaign: adapt or lose the vote | Editorial
guardian,Christopher Wylie: 'The fashion industry was crucial to the election of Donald Trump'
guardian,Brexit jitters put paid to £2.9bn takeover bid for Intu shopping centre group
guardian,Nigel Farage and Vince Cable spice things up at the very Brexity British curry awards
guardian,"Brexit: May's deal could lead Tories to 1997-style electoral defeat, says Jo Johnson - Politics live"
guardian,Harry Leslie Smith lived his values | Letters
guardian,Theresa May makes a meal of it at Brexit breakfast meeting | John Crace
guardian,"'Botched Brexit' could spark electoral wipeout for Tories, rebels say"
guardian,Brexit: May suggests she will activate full no deal planning if she loses vote - Politics live
guardian,"Most UK businesses unprepared for no-deal Brexit, says Carney"
guardian,"Gloom about economic prospects deepens, as Carney defends Brexit warning – as it happened"
guardian,"The road to power is a people's vote. Come on, Labour – let's take it"
guardian,Theresa May: 'Any extension to article 50 reopens the deal' – video
guardian,Britons gloomiest about economic prospects since Brexit vote – business live
guardian,No-deal Brexit 'could leave UK at risk from terrorism'
guardian,"Another referendum would be hell, but Carney is clear: Brexit is worse | Polly Toynbee"
guardian,"Extending article 50 would invalidate Brexit deal, says May"
guardian,BBC One offers to clear Sunday night schedule for Brexit debate
guardian,"Bank of England's Carney denies scaremongering, but says UK isn't ready for Brexit - business live"
guardian,The ‘regtech’ boom: how the financial crash spawned a new industry in the City
guardian,Dollar weakens as cautious Fed leads to rate-hike rethink
guardian,Bank of England governor Carney denies trying to scare people with Brexit warning - business live
guardian,Brexit: May suggests she will prepare for no deal if MPs vote down her plan - Politics live
guardian,Brexit: Theresa May faces questions from Commons liaison committee about her deal - Politics live
guardian,Arlene Foster says DUP would not back second Brexit referendum
guardian,BREXIT UNCERTAINTY TAKES ITS TOLL
guardian,JAYNE KIRKHAM
guardian,Vicar speaks out on poverty issue
guardian,We really want to see Cornish businesses ...
guardian,Family is ready for Brexit with 52 tins of beans
guardian,Vicar takes minister to task over poverty
guardian,Bank of England under fire over ‘Project Hysteria' Brexit warning - business live
guardian,London to lose €800bn to Frankfurt as banks prepare for Brexit
guardian,Coalition Senator Scott Ryan warns against controversial government encryption bill – as it happened
guardian,Surge in young knife deaths amid police cuts and 'a climate of fear'
guardian,Coalition Senator Scott Ryan warns against controversial government encryption bill – politics live
guardian,Why I’m so angry with Cameron – and May too | Miriam González Durántez
guardian,"30,000 empty homes and nowhere to live: inside Dublin’s housing crisis"
guardian,Labor on the attack over Coalition's 'part-time parliament' – politics live
guardian,Labor on the attack over Coalition's 'part-time parliament'– question time live
guardian,Kerryn Phelps: 'I can't see a reasonable argument' against removing children from Nauru – politics live
guardian,'Project Hysteria': How the papers covered Mark Carney's Brexit forecast
guardian,Malcolm Turnbull accuses critics of 'paranoia' amid meddling claims – politics live
guardian,Economic forecasts strike blow to Theresa May's Brexit deal
guardian,Brexit: Theresa May says McDonnell wants to overturn will of British people – as it happened
guardian,Death and Nightingales review – chilling viewing for dark winter evenings
guardian,Trump refuses to rule out Manafort pardon – live updates
guardian,Brexit: Theresa May says McDonnell wants to overturn will of British people - Politics live
guardian,"Trump told Mueller he had no knowledge of Trump Tower meeting, says report – live"
guardian,"Trump adviser asked Farage ally for WikiLeaks emails, Mueller document alleges"
guardian,Bank of England warns no-deal Brexit would cause historic downturn - as it happened
guardian,"Labour will inevitably back second Brexit referendum, says McDonnell"
guardian,Labour vows to do all it can to uncover May's Brexit legal advice
guardian,Brexit summit: EU tells British MPs this is 'only deal possible' as Brussels approves it – as it happened
guardian,Bank: no-deal Brexit will be worse than the financial crisis - business live
guardian,"UK banks can survive a disorderly Brexit, says Bank of England"
guardian,"John McDonnell has a plan, but he’ll need a movement too | Aditya Chakrabortty"
guardian,"May could have won support for a Brexit deal, but failed to reach out | Martin Kettle"
guardian,"Pound would crash and inflation soar under no-deal Brexit, says Bank of England - Politics live"
guardian,Bank of England says no-deal Brexit would be worse than 2008 crisis
guardian,"Pound would crash, economy shrink and inflation soar under no deal Brexit, says Bank of England - Politics live"
guardian,UK banks pass 'disorderly Brexit' stress test - business live
guardian,Brexit: McDonnell says it is 'inevitable' Labour will back second referendum - Politics live
guardian,Bank of England stress test results released - business live
guardian,There can be no doubt any more: Brexit will make us poorer | Jonathan Portes
guardian,This Brexit deal would be a disaster for innovators and entrepreneurs | Deborah Meaden
guardian,Brexit: how the meaningful vote will work
guardian,Quentin Letts to leave Daily Mail for Murdoch-owned papers
guardian,US trade deficit widens; Tiffany's hit by drop in Chinese tourists - business live
guardian,Teenage boys and young men: tell us what issues matter to you
guardian,May accused of having 'head in sand' over Brexit making UK poorer - Politics live
guardian,US trade deficit widens ahead of Trump-Xi talks – business live
guardian,"Where there's uncertainty, there are lawyers: the emerging specialisms"
guardian,"China's Xi vows to open economy, ahead of Trump trade talks – business live"
guardian,May accused of having 'head in sand' after not backing Hammond over Brexit making UK poorer - Politics live
guardian,"PMQs: Brexit analysis is meaningless, Corbyn tells May"
guardian,Labour says Brexit impact analysis 'ludicrous' because it does not cover deal agreed with EU - Politics live
guardian,PMQs: May faces Corbyn after economic Brexit analysis is published - Politics live
guardian,A TV debate on Brexit would force politicians to answer to the people | Martha Gill
guardian,Britons are swallowing conspiracy theories. Here’s how to stop the rot | Hugo Drochon
guardian,'His message will live on': your tributes to Harry Leslie Smith
guardian,UK car industry and Airbus cautiously back PM's Brexit deal
guardian,UK significantly worse off under all Brexit scenarios - official forecast
guardian,Philip Hammond says economy will be 'a little bit smaller' under all Brexit scenarios – video
guardian,Investors hope for trade war breakthrough - business live
guardian,‘White supremacy’ is really about ‘white degeneracy’ | Keith Kahn-Harris
guardian,Public Service Awards: the finalists
guardian,Brexit: Hammond confirms that leaving EU will make UK poorer - Politics live
guardian,"Labour could seize option of second Brexit vote, says McDonnell"
guardian,Markets rise on hopes of trade war breakthrough - business live
guardian,How will Brexit affect investments?
guardian,DICK COLE
guardian,How will our MPs vote in Brexit crisis?
guardian,CornwallLive.com CC We really want ...
guardian,Businesses receive expert advice on exporting
guardian,Cornwall to start its own talks on Brexit
guardian,Flawless first tests for 'flying launchpad'
guardian,​A day with Mr Stop Brexit: crashing TV interviews and fighting Ukip – video
guardian,Free education is disappearing before our eyes | Afua Hirsch
guardian,The far right will try to exploit any Brexit outcome. We can’t let it happen | Owen Jones
guardian,Has France fallen out of love with Emmanuel Macron?
guardian,DfT criticised over secretive preparations for no-deal Brexit
guardian,Gentleman and Cadwalladr win joint journalist of the year award
guardian,Guardian Digital Hack Day - November 2018
guardian,Labour plan to give customers of big firms vote on boardroom pay
guardian,"Trump blasts GM over job cuts, as deeper trade war looms - as it happened"
guardian,"Trump blasts GM over job cuts, as deeper trade war looms - business live"
guardian,"Yes, Donald Trump is talking perfect sense on May’s Brexit deal | Peter Mandelson"
guardian,Apple shares slide as Trump threatens tariffs on iPhones - business live
guardian,'People were sold a lie': Ruthin restless over May's Brexit deal
guardian,Hancock turns out to be more Pooh than Tigger
guardian,"Brexit could hit F1 races around Europe, says McLaren chief"
guardian,TaxPayers’ Alliance concedes it launched smears against Brexit whistleblower
guardian,"Immigration plans might not be published before Brexit vote, says Javid"
guardian,David Dimbleby in line to host BBC election night if there is snap poll
guardian,The Guardian view on Ukraine: a forgotten crisis flares up | Editorial
guardian,No-deal Brexit: Amazon blamed for lack of food warehouse space
guardian,Tory divisions: the factions preparing for fall of Theresa May's Brexit deal
guardian,'I feel sorry for her': Newry reacts as May begins Brexit PR drive
telegraph,Theresa May hit by new Brexit resignation
telegraph,UK plans own satellite system after being frozen out of EU Galileo project
telegraph,Why I cannot back the Prime Minister's Brexit plan
telegraph,Tory minister Sam Gyimah resigns in protest at Theresa May's withdrawal deal
telegraph,Stephen Fry slams Brexit and calls for people’s vote in new video
telegraph,Campaigners to gather in Bradford to demand a second referendum
telegraph,'25 years of progress could be squandered due to DUP-Tory alliance' says Sinn Fein chair
telegraph,Analysis: Putin's bro-five with Saudi crown prince reveals the G20's diplomatic dance
telegraph,Cosla gives backing to People’s Vote on Brexit
telegraph,Brexit deal would put Northern Ireland in ‘unrivalled’ global position – Bradley
telegraph,How many Tory MPs might vote against May’s Brexit deal?
telegraph,Catherine Stihler to step down as MEP eight weeks early
telegraph,Labour’s McDonnell calls for opposition to Tommy Robinson
telegraph,"Hard exit will disrupt UK businesses, warns Bank"
telegraph,Earnings of cross-border workers on slide: study
telegraph,Historic Corbyn/May Brexit debate could take place in Birmingham
telegraph,UK leader focused on passing Brexit deal despite uncertainty
telegraph,"Bank of England spent almost £100,000 on summer ‘bake-off’ party"
telegraph,Brexit: Would UK membership of the EEA work?
telegraph,I was not attacking Arlene Foster and Sammy Wilson 'best commodity' DUP can have: Peter Robinson responds to media reports on comments
telegraph,your poems
telegraph,I will vote against PM's Brexit deal
telegraph,We're not the enemy: Northern Ireland Chamber of Commerce chief says agreement critics should offer new plan
telegraph,Ex-QUB professor becomes Irish citizen at 86
telegraph,Brexit: Ulster Farmers' Union remain amenable to alternate Withdrawal Agreement proposal
telegraph,What happens if Theresa May loses the Brexit vote?
telegraph,Theresa May arrives in Argentina for the G20 summit
telegraph,May accuses Labour of pushing Britain towards no-deal Brexit
telegraph,'We are willing to listen' - Northern Ireland business chief calls on those against Brexit plan to produce alternative
telegraph,Bradley faces tough questions on Brexit and Stormont during housing estate visit
telegraph,Nicola Sturgeon: TV Brexit debate exclusion would be ‘travesty of democracy’
telegraph,Holyrood to make clear its ‘overwhelming’ opposition to Brexit deal
telegraph,Northern Ireland more vulnerable to Brexit due to British market reliance
telegraph,NI more vulnerable to Brexit due to British market reliance
telegraph,Belarus president gives interview to Russia 24
telegraph,Nicola Sturgeon denies using Brexit to boost independence cause
telegraph,"UK Government ‘on the ropes’ and Brexit can be stopped, says Willie Rennie"
telegraph,Theresa May accepts BBC Brexit debate but Jeremy Corbyn prefers ITV
telegraph,Internet hosting business UKFast delays float due to Brexit uncertainty
telegraph,"UK the ‘military superpower’ of Europe, says Defence Secretary"
telegraph,"Second referendum would lead to collapse of Brexit deal, May tells MPs"
telegraph,FCA backs short Brexit transition amid warning of no-deal challenges
telegraph,"May’s Brexit deal is only parrot in aviary, says Leadsom"
telegraph,What have you got to hide on Brexit legal advice? DUP's Dodds asks government
telegraph,Firearms conference stresses need for European collaboration
telegraph,"Northern Ireland would not be stuck in Brexit backstop permanently, says Theresa May"
telegraph,Theresa May agrees to take part in TV debate on Brexit deal
telegraph,Brexplainer: What is a Norway-style deal - and what could it mean for Northern Ireland?
telegraph,Michael Sheen reveals how Brexit and Trump caused split with Sarah Silverman
telegraph,"As Small Business Saturday looms, SMEs are positive about their prospects"
telegraph,£711bn of assets tipped to leave London for Frankfurt due to Brexit
telegraph,French President Emmanuel Macron ‘speechless with rage’ at Brexit fishing deal
telegraph,Sinn Fein receive £127k in three months - 40% of total Northern Ireland donations
telegraph,"Less than half of businesses ready for no-deal Brexit, warns Bank chief"
telegraph,People are fed up with hearing about Brexit
telegraph,Government have some questions to answer
telegraph,POST-BREXIT PLAN HAILED 'TREMENDOUS'
telegraph,Arlene Foster tells Prime Minister to 'stop wasting time' on Brexit deal - says DUP open to Norway-style deal
telegraph,Kellogg’s to introduce traffic light labels on most UK cereal packaging
telegraph,"However we leave, Northern Ireland's sure to suffer"
telegraph,History shows that we must be cautious about Brexit forecasts
telegraph,"No deal Brexit risks future security of Northern Ireland, says Bradley as police body calls for border clarity"
telegraph,"DUP need to wake up to economic vandalism Brexit will bring, says Sinn Fein"
telegraph,McDonald quizzed over workings of Sinn Fein
telegraph,"No deal risks future security of Northern Ireland, says Bradley as police body calls for border clarity"
telegraph,Kellogg's gives in to consumer demand over 'traffic light' labelling
telegraph,May fights to sell Brexit deal to skeptical country
telegraph,Scottish council taxpayers hit by £189m increase due to local government cuts
telegraph,Varadkar questions how much 'senior republicans' dictate to Sinn Fein's elected politicians
telegraph,Bank of England issues stark warning over no deal Brexit
telegraph,"Second referendum could be ‘inevitable’ if no election, says McDonnell"
telegraph,Comedy show suggests 'beaded curtain down the Irish border' could solve Brexit
telegraph,Government ‘must fund extra officers to police Irish border after Brexit’
telegraph,Belfast Telegraph Brexit survey: Have your say and you could win a £100 Amazon voucher
telegraph,Police Federation for Northern Ireland calls for Brexit clarity on border security
telegraph,"Scots will not allow May to ‘rob them of rights as EU citizens’, warns SNP"
telegraph,My shopping list is longer than Labour’s Brexit alternative: Theresa May
telegraph,"Brexit deal deprives Britain of economic benefits, insists David Davis"
telegraph,"Just 5% of oil and gas firms think Brexit will have positive effect, survey says"
telegraph,"Britain faces shortage of 350,000 social care workers by 2028, report warns"
telegraph,There's no going back on Brexit...
telegraph,Bickering just wastes time in council debates
telegraph,Colourful freedoms of the 1960s
telegraph,Ineos boss hails Prime Minister’s Brexit agreement
telegraph,May to set out economic impact of Brexit as she battles to save her deal
telegraph,Questions over loyalist reaction to Brexit raised by minister
telegraph,BBC's Webb can see both sides of Brexit backstop debate as he hosts Today show from Belfast
telegraph,"Brexit deal almost done, but Spain holds out over Gibraltar"
telegraph,"Festive consumer spending in West Yorkshire could be hit by Brexit uncertainty, warns report"
telegraph,St Andrew’s Day event at European Parliament to celebrate ‘inclusive’ Scotland
telegraph,May: Brexit deal will see UK ‘take back full control’ over its waters
telegraph,Government to set out economic impact of Brexit as May fights to save her deal
telegraph,"Britain needs Cold War mindset to overcome emerging threats, says ex Armed Forces chief"
telegraph,"Donald Trump offered Theresa May trade deal four months ago, but she rejected him, former minister claims"
telegraph,"Westminster seats decision for Brexit vote up to Sinn Fein, says PM"
telegraph,Foster demands May 'bin the backstop' if she wants Brexit deal to succeed
telegraph,"France prey to 'poison' that caused Brexit says Emmanuel Macron, as he seeks to defuse 'yellow vest' protests"
telegraph,Christmas trees face the chop after Brexit for this worrying reason
telegraph,Sajid Javid ‘hopes’ immigration plans will be published before Brexit deal vote
telegraph,Key Northern Ireland peace process player speaks of concern over loyalist reaction to Brexit
telegraph,"Under-30s watching family TV at home, says Channel 4 executive"
telegraph,"May ‘governing by threat’ on Brexit deal, Sturgeon claims"
telegraph,Dozens of young activists call for people’s vote on Brexit
telegraph,"Hold TV debate with someone who believes in Brexit, Johnson tells May"
telegraph,"‘Unacceptable’ Brexit deal will make Scots poorer, says First Minister"
telegraph,PM May arrives in Northern Ireland to lobby for Brexit withdrawal deal support
telegraph,How revival of oil and gas market is fuelling growth of this Coventry firm
telegraph,How revival of oil and gas is fuelling growth of this Coventry firm
telegraph,PM rejects DUP claim she has ‘given up’ on better Brexit deal
telegraph,L:ETTER: Brexit isn't a binary choice
telegraph,Pets at Home reveals Brexit stockpiling as vet practices face possible closure
telegraph,Murphy dismisses Varadkar call for abstentionist Sinn Fein MPs to resign
telegraph,'A lesser man than me would have crumbled' - Ian Paisley on his return to Westminster
telegraph,Ukip MEP quits party in protest at advisory role for ‘thug’ Tommy Robinson
telegraph,De La Rue to refocus strategy after losing UK passport contract
telegraph,Peterborough MEP quits UKIP over Tommy Robinson appointment
telegraph,What did Donald Trump have to say about Theresa May’s Brexit deal?
telegraph,May’s Brexit deal is worst of all worlds and doomed to fail – Sir Michael Fallon
telegraph,Murphy dismisses Varadkar call for Sinn Fein MPs to resign
telegraph,Historic vote on Theresa May's Brexit deal set for December 11
telegraph,It might be an alien concept in southern politics: Sinn Fein responds to Varadkar's resignation call
telegraph,"Scottish businesses will be better off under May’s Brexit deal, says Lidington"
telegraph,May: Brexit deal delivers for UK
telegraph,"Clear the air Brexit talks with DUP 'the start of a dialogue', say business leaders"
telegraph,May on mission to win support as she lands in Northern Ireland for Brexit talks
telegraph,What the papers say – November 27
telegraph,May challenges Corbyn to Brexit debate
telegraph,"Insufficient evidence for salmon farm moratorium, MSPs insist"
telegraph,"Buffy the Vampire Slayer is my feminist role model, reveals Amber Rudd"
telegraph,Scottish Government to set out analysis of Brexit deal’s ‘damaging’ impact
telegraph,Brexit deal will strengthen union says Theresa May ahead of Northern Ireland visit
telegraph,Trump says Brexit deal may hit US trade
telegraph,Donald Trump slams Theresa May's Brexit deal as 'great for the EU'
telegraph,Love Island contestant Zara McDermott deletes her Twitter
telegraph,Duke of Sussex highlights growing economic ties in Zambia visit
telegraph,Historic ‘meaningful vote’ on Brexit deal to take place on December 11
telegraph,UK’s May fights to sell Brexit deal to a skeptical country
telegraph,Taoiseach Leo Varadkar hails ‘ongoing dialogue’ with Orange Order
telegraph,Varadkar calls on Sinn Fein to resign seats in Westminster ahead of Brexit vote
telegraph,Prime Minister urges Commons to back Brexit deal
telegraph,Business leaders tell political parties no-deal Brexit would be ‘disastrous’
telegraph,Leaders of all parties demand involvement in Brexit debate on PM’s deal
telegraph,"We are nobody’s puppets, insists Northern Ireland business leader"
telegraph,Hard border cannot be avoided through wishful thinking – Leo Varadkar
telegraph,"We speak for majority, insist pro-Remain parties"
telegraph,Two weeks to win as May hits the road to drum up Brexit support
telegraph,Northern Ireland Remain parties to meet Theresa May on Tuesday
telegraph,Finance Secretary urged to set up £75m Brexit fund for businesses in Budget
telegraph,Mortgages approved by high street banks increase in October
telegraph,"Back my Brexit deal or risk ‘more division and uncertainty’, May to tell MPs"
telegraph,Foster reveals why she prefers Bodyguard to Killing Eve
telegraph,"Jon Tonge: Despite condemning the government over Brexit, the desire to retain the deal with Tories is still there"
telegraph,DUP to meet with business groups to discuss concerns
telegraph,The 8 things you might have missed this weekend
telegraph,"EU deal leaves Scotland on the sidelines, says Mike Russell"
telegraph,What the papers say – November 26
telegraph,Nursery staff say they are hearing more children swearing
telegraph,Emmanuel Macron rejects parallels between French 'yellow vest' protests and Brexit
telegraph,Spain signals a new push over Gibraltar
telegraph,Online show of support for May’s Brexit deal
telegraph,Corbyn: Labour will oppose ‘miserable failure’ Brexit deal
telegraph,Irish government leaving citizens in NI behind with no Euro votes – Sinn Fein
telegraph,"Brexit deal will herald a brighter future for Britain, declares May"
telegraph,EU fisheries position ‘deeply troubling’ – Thomson
telegraph,MPs to vote on Theresa May's Brexit deal before Christmas
telegraph,Angela Merkel describes Brexit deal as a ‘diplomatic piece of art’
telegraph,DUP will not support Withdrawal Agreement as Foster calls for ‘third way’
telegraph,‘Almost nothing true’ in PM’s Brexit letter – Sturgeon
telegraph,DUP will 'review' confidence and supply agreement if Theresa May's Brexit deal passes parliament
telegraph,Resilience of UK banks to doomsday Brexit scenario to be revealed
telegraph,Final reports commissioned for new University of Peterborough ‘to get every aspect right’
telegraph,Peterborough MP Fiona Onasanya: Theresa May’s ‘botched’ Brexit deal will not help us thrive
telegraph,May’s plea on her Brexit deal provokes passionate responses
telegraph,What the papers say – November 25
telegraph,"Cutting EU migration could cost Scotland £2billion, according to Government"
telegraph,"Cutting EU migration could cost Scotland £2bn, according to Government"
telegraph,"Ignore the sore losers, May's deal is a good one"
telegraph,TOP TENS
telegraph,"PM’s letter to nation an utter work of fiction, says Labour MP"
telegraph,Tusk quotes Freddie Mercury lyrics on friendship ahead of Brexit summit
telegraph,Government accused of massaging immigration statistics in run up to Brexit vote
telegraph,Sturgeon challenges May to Brexit debate
telegraph,"DUP conference: Gibraltar will not fold over Spain’s Brexit demands, says minister"
telegraph,"Gibraltar will not fold over Spain’s Brexit demands, says minister"
telegraph,Row over knighthood for Tory Eurosceptic John Hayes
telegraph,Hammond warns of threat to economy if MPs reject Brexit deal
telegraph,Parties call on Bradley to start Stormont talks without delay
telegraph,May faces down her critics: 'Brexit deal won't be rewritten'
telegraph,Foster says DUP will 'rethink' Tory pact if PM pushes through EU deal
telegraph,A week in the life of a funeral director
telegraph,Respect is the key to Brexit
telegraph,There are zero no-go zones in Peterborough says new Chief Constable
telegraph,"British PM hails Brexit progress, but still no breakthrough"
telegraph,May heads to Brussels for Brexit talks as Gibraltar row rumbles on
telegraph,Gabby’s Great Brexit Bake Off cheers Theresa May after ‘tough week’
telegraph,May faces Spanish opposition ahead of Brexit summit
telegraph,DUP's Foster warns risk to Tory deal if Brexit agreement passes Parliament
telegraph,"Government and DUP will ‘sort out’ Irish border dispute, Chancellor claims"
telegraph,US ambassador praises Belfast businesses for post-Brexit preparations
telegraph,Vauxhall plans job losses at Ellesmere Port factory
telegraph,Brussels will not offer us a better Brexit deal: Theresa May
telegraph,UUP claim May's Brexit deal would limit powers of Stormont
telegraph,'Stop negotiating and prepare for a no deal': Readers react to this week's top stories
telegraph,"May’s deal worse than staying in EU, says Raab"
telegraph,"Business community has 'swallowed PM propaganda', says DUP's Wilson"
telegraph,Party will rue inviting Boris to entertain at annual conference
telegraph,"With devolution deadlocked, direct rule is our only option"
telegraph,Brexit latest: Dominic Raab says deal is 'worse than staying in EU'
telegraph,Fishing: It's a catch 27 situation
telegraph,Parliament may reject parts of Brexit draft
telegraph,Record levels of clocked cars on the road
telegraph,"'Junk backstop', May is urged as Brexiteer MPs hit out over her EU deal"
telegraph,"DUP must get on board with this agreement, says business chief"
telegraph,"Get working on a better deal, DUP's Wilson tells Prime Minister"
telegraph,What will a post-Brexit tariff regime bring?
telegraph,Town fish meal plant achieves BRC approval
telegraph,Motorhome redundancies: Month in review
telegraph,Patients to have faster access to medicines under new NHS deal
telegraph,Health Secretary Jeane Freeman wins top politician award
telegraph,Theresa May faces further battles to secure her Brexit deal
telegraph,"Inside the Foreign Office, episode two, review: finding the fun side of international diplomacy"
telegraph,"Theresa May’s Brexit deal not perfect, CBI chief says after email leak"
telegraph,"It's this Brexit deal or catastrophe for Northern Ireland, say business leaders after Prime Minister meeting"
telegraph,Hillary Clinton says Europe must limit immigration to stop rise of Right-wing populism
telegraph,The awkward moment Theresa May thanks Dominic Raab for his work as Brexit Secretary
telegraph,"Measures to prevent hard Irish border make 'complete nonsense' of Brexit, Prime Minister told"
telegraph,Farewell to the Davis Cup as we know it - a colourful and historic institution
telegraph,EU Lancashire funding to go on five years after Brexit
telegraph,MoD lifts axe on three Royal Navy patrol ships to boost UK fishery protection
telegraph,"Boris Johnson paid almost £100,000 for two-hour speech in New York"
telegraph,First Minister fears ‘another Tory sellout of Scottish fishermen’ post-Brexit
telegraph,Call to protect universities and colleges in Scotland from Brexit
telegraph,"Final Brexit deal is within grasp, says PM after breakthrough in Brussels"
telegraph,Stand-off between Speaker Bercow and Commons Leader Leadsom
telegraph,Bombardier decision to axe hundreds of jobs ‘not a Brexit issue’
telegraph,SDLP's Eastwood hits out at Jeremy Corbyn's 'totally wrong' and 'disingenuous' approach to Brexit withdrawal agreement
telegraph,Sturgeon: Unicorns taking place of facts on UK-EU future relationship
telegraph,Boris Johnson may face private prosecution over £350m Vote Leave claim
telegraph,Theresa May’s Brexit plan clears another hurdle
telegraph,Majestic stockpiling up to £8m of wine ahead of Brexit
telegraph,Is MP Dakin ignoring his electorate over Brexit?
telegraph,CBI thinks it knows better about Brexit
telegraph,I tried the exact facial loved by Julia Roberts and Julianne Moore. Here's my verdict
telegraph,John Simpson: Company will still hope to deliver acceptable results
telegraph,Northern Ireland church leaders urge politicians to show respect in Brexit talks
telegraph,'Brexit Customs system will take two years to set up if no deal'
telegraph,Martin O'Neill waves goodbye to Republic of Ireland - but he can bounce back
telegraph,Bombardier job cuts a £35m hammer blow to Northern Ireland economy
telegraph,Bombardier domino effect - Northern Ireland traders fear they will be affected by blow
telegraph,DUP only worried about 'precious Union': Varadkar
telegraph,Three-quarters of Belfast Telegraph readers reject May's draft deal in snap poll
telegraph,Darkening horizon suggests global economic growth will slow
telegraph,May has eye on rebellion as EU braces for Brexit push
telegraph,Theresa May to take Brexit talks to the wire
telegraph,School leaving age should be scrapped in ‘lifelong learning revolution’
telegraph,SDLP slam Paisley for 'obsessing' over Northern Ireland to Scotland bridge
telegraph,NFU Scotland backs May’s Brexit deal
telegraph,May to return to Brussels on Saturday for last-minute Brexit talks
telegraph,"Northern Ireland business owner with 300 employees opposes deal, says Arlene Foster"
telegraph,Premier League rejects FA plans to increase number of home-grown players in post-Brexit squads
telegraph,"'No evidence' Brexit was influenced by Cambridge Analytica scandal, Facebook says"
telegraph,DUP putting ‘precious union’ ahead of everything in Brexit deal – Varadkar
telegraph,Varadkar says DUP will fight for 'precious union' even if it means 'lesser world'
telegraph,Trade unionists warn against ‘catastrophic’ no-deal Brexit
telegraph,Man accused of killing west Belfast mother-of-three refused bail
telegraph,Discover opportunities in India at Business Festival
telegraph,Job loss fears and uncertainty inside JLR - workers speak out
telegraph,Gove sparks confusion with Game Of Thrones quiz tweet
telegraph,"UK should maintain closest possible ties with EU, says think tank"
telegraph,Still ‘realistic’ to work towards alternative Brexit deal – Mike Russell
telegraph,"British, EU leaders to meet as Brexit deadline looms"
telegraph,Stormont Assembly members paid £8.5m despite suspension
telegraph,"Parliament will not allow a no-deal Brexit, says new Cabinet minister Rudd"
telegraph,"Government faces rude awakening on Brexit deal, warns DUP"
telegraph,Tariff-free imports not possible inside the EU
telegraph,'Our vision is to be a gateway to the world'
telegraph,Northern Ireland hospitality trade poll backs May's draft Brexit deal as bodies step up the pressure
